sku,name,price,gearbox_type,size,input_frame,ratio
10000021,مکعبی تیپ 30فریم 63نسبت7.5,43000000,مکعبی,30,63,7.5
10000022,مکعبی تیپ 30فریم 63نسبت 10,0,مکعبی,30,63,10
10000023,مکعبی تیپ 30فریم 63نسبت 15,0,مکعبی,30,63,15
10000024,مکعبی تیپ 30فریم 63نسبت 20,0,مکعبی,30,63,20
10000025,مکعبی تیپ 30فریم 63نسبت 25,43000000,مکعبی,30,63,25
10000026,مکعبی تیپ 30فریم 63نسبت 30,0,مکعبی,30,63,30
10000027,مکعبی تیپ 30فریم 63نسبت 40,43000000,مکعبی,30,63,40
10000028,مکعبی تیپ 30فریم 63نسبت 50,43000000,مکعبی,30,63,50
10000029,مکعبی تیپ 30فریم 63نسبت 60,0,مکعبی,30,63,60
100000210,مکعبی تیپ 30فریم 63نسبت 80,0,مکعبی,30,63,80
100000211,مکعبی تیپ 30فریم 63نسبت 100,0,مکعبی,30,63,100
100000212,مکعبی تیپ 30فریم 56نسبت 7.5,0,مکعبی,30,56,7.5
100000213,مکعبی تیپ 30فریم 56نسبت 10,0,مکعبی,30,56,10
100000214,مکعبی تیپ 30فریم 56نسبت 15,0,مکعبی,30,56,15
100000215,مکعبی تیپ 30فریم 56نسبت 20,0,مکعبی,30,56,20
100000216,مکعبی تیپ 30فریم 56نسبت 25,0,مکعبی,30,56,25
100000217,مکعبی تیپ 30فریم 56نسبت 30,0,مکعبی,30,56,30
100000218,مکعبی تیپ 30فریم 56نسبت 40,0,مکعبی,30,56,40
100000219,مکعبی تیپ 30فریم 56نسبت 50,0,مکعبی,30,56,50
100000220,مکعبی تیپ 30فریم 56نسبت 60,0,مکعبی,30,56,60
100000221,مکعبی تیپ 30فریم 56نسبت 80,0,مکعبی,30,56,80
100000222,مکعبی تیپ 30فریم 56نسبت 100,0,مکعبی,30,56,100
100000223,مکعبی تیپ 40فریم 71نسبت 7.5,0,مکعبی,40,71,7.5
100000224,مکعبی تیپ 40فریم 71نسبت 10,0,مکعبی,40,71,10
100000225,مکعبی تیپ 40فریم 71نسبت 15,52000000,مکعبی,40,71,15
100000226,مکعبی تیپ 40فریم 71نسبت 20,52000000,مکعبی,40,71,20
100000227,مکعبی تیپ 40فریم 71نسبت 25,52000000,مکعبی,40,71,25
100000228,مکعبی تیپ 40فریم 71نسبت 30,52000000,مکعبی,40,71,30
100000229,مکعبی تیپ 40فریم 71نسبت 40,52000000,مکعبی,40,71,40
100000230,مکعبی تیپ 40فریم 71نسبت 50,52000000,مکعبی,40,71,50
100000231,مکعبی تیپ 40فریم 71نسبت 60,52000000,مکعبی,40,71,60
100000232,مکعبی تیپ 40فریم 71نسبت 80,52000000,مکعبی,40,71,80
100000233,مکعبی تیپ 40فریم 71نسبت 100,52000000,مکعبی,40,71,100
100000234,مکعبی تیپ 40فریم 63نسبت 7.5,0,مکعبی,40,63,7.5
100000235,مکعبی تیپ 40فریم 63نسبت 10,0,مکعبی,40,63,10
100000236,مکعبی تیپ 40فریم 63نسبت 15,0,مکعبی,40,63,15
100000237,مکعبی تیپ 40فریم 63نسبت 20,0,مکعبی,40,63,20
100000238,مکعبی تیپ 40فریم 63نسبت 25,0,مکعبی,40,63,25
100000239,مکعبی تیپ 40فریم 63نسبت 30,0,مکعبی,40,63,30
100000240,مکعبی تیپ 40فریم 63نسبت 40,0,مکعبی,40,63,40
100000241,مکعبی تیپ 40فریم 63نسبت 50,0,مکعبی,40,63,50
100000242,مکعبی تیپ 40فریم 63نسبت 60,0,مکعبی,40,63,60
100000243,مکعبی تیپ 40فریم 63نسبت 80,0,مکعبی,40,63,80
100000244,مکعبی تیپ 40فریم 63نسبت 100,52000000,مکعبی,40,63,100
100000245,مکعبی تیپ 50فریم 80نسبت 7.5,0,مکعبی,50,80,7.5
100000246,مکعبی تیپ 50فریم 80نسبت 10,0,مکعبی,50,80,10
100000247,مکعبی تیپ 50فریم 80نسبت 15,70000000,مکعبی,50,80,15
100000248,مکعبی تیپ 50فریم 80نسبت 20,0,مکعبی,50,80,20
100000249,مکعبی تیپ 50فریم 80نسبت 25,70000000,مکعبی,50,80,25
100000250,مکعبی تیپ 50فریم 80نسبت 30,70000000,مکعبی,50,80,30
100000251,مکعبی تیپ 50فریم 80نسبت 40,70000000,مکعبی,50,80,40
100000252,مکعبی تیپ 50فریم 80نسبت 50,70000000,مکعبی,50,80,50
100000253,مکعبی تیپ 50فریم 80نسبت 60,0,مکعبی,50,80,60
100000254,مکعبی تیپ 50فریم 80نسبت 80,70000000,مکعبی,50,80,80
100000255,مکعبی تیپ 50فریم 80نسبت 100,70000000,مکعبی,50,80,100
100000256,مکعبی تیپ 50فریم 71نسبت 7.5,70000000,مکعبی,50,71,7.5
100000257,مکعبی تیپ 50فریم 71نسبت 10,70000000,مکعبی,50,71,10
100000258,مکعبی تیپ 50فریم 71نسبت 15,70000000,مکعبی,50,71,15
100000259,مکعبی تیپ 50فریم 71نسبت 20,70000000,مکعبی,50,71,20
100000260,مکعبی تیپ 50فریم 71نسبت 25,0,مکعبی,50,71,25
100000261,مکعبی تیپ 50فریم 71نسبت 30,70000000,مکعبی,50,71,30
100000262,مکعبی تیپ 50فریم 71نسبت 40,70000000,مکعبی,50,71,40
100000263,مکعبی تیپ 50فریم 71نسبت 50,0,مکعبی,50,71,50
100000264,مکعبی تیپ 50فریم 71نسبت 60,0,مکعبی,50,71,60
100000265,مکعبی تیپ 50فریم 71نسبت 80,0,مکعبی,50,71,80
100000266,مکعبی تیپ 50فریم 71نسبت 100,0,مکعبی,50,71,100
100000267,مکعبی تیپ 63فریم 90نسبت 7.5,0,مکعبی,63,90,7.5
100000268,مکعبی تیپ 63فریم 90نسبت 10,95000000,مکعبی,63,90,10
100000269,مکعبی تیپ 63فریم 90نسبت 15,0,مکعبی,63,90,15
100000270,مکعبی تیپ 63فریم 90نسبت 20,95000000,مکعبی,63,90,20
100000271,مکعبی تیپ 63فریم 90نسبت 25,95000000,مکعبی,63,90,25
100000272,مکعبی تیپ 63فریم 90نسبت 30,95000000,مکعبی,63,90,30
100000273,مکعبی تیپ 63فریم 90نسبت 40,95000000,مکعبی,63,90,40
100000274,مکعبی تیپ 63فریم 90نسبت 50,95000000,مکعبی,63,90,50
100000275,مکعبی تیپ 63فریم 90نسبت 60,47000000,مکعبی,63,90,60
100000276,مکعبی تیپ 63فریم 90نسبت 80,0,مکعبی,63,90,80
100000277,مکعبی تیپ 63فریم 90نسبت 100,0,مکعبی,63,90,100
100000278,مکعبی تیپ 63فریم 80نسبت 7.5,0,مکعبی,63,80,7.5
100000279,مکعبی تیپ 63فریم 80نسبت 10,0,مکعبی,63,80,10
100000280,مکعبی تیپ 63فریم 80نسبت 15,95000000,مکعبی,63,80,15
100000281,مکعبی تیپ 63فریم 80نسبت 20,95000000,مکعبی,63,80,20
100000282,مکعبی تیپ 63فریم 80نسبت 25,0,مکعبی,63,80,25
100000283,مکعبی تیپ 63فریم 80نسبت 30,0,مکعبی,63,80,30
100000284,مکعبی تیپ 63فریم 80نسبت 40,95000000,مکعبی,63,80,40
100000285,مکعبی تیپ 63فریم 80نسبت 50,95000000,مکعبی,63,80,50
100000286,مکعبی تیپ 63فریم 80نسبت 60,95000000,مکعبی,63,80,60
100000287,مکعبی تیپ 63فریم 80نسبت 80,0,مکعبی,63,80,80
100000288,مکعبی تیپ 63فریم 80نسبت 100,0,مکعبی,63,80,100
100000289,مکعبی تیپ 75فریم 80نسبت 7.5,0,مکعبی,75,80,7.5
100000290,مکعبی تیپ 75فریم 80نسبت 10,0,مکعبی,75,80,10
100000291,مکعبی تیپ 75فریم 80نسبت 15,0,مکعبی,75,80,15
100000292,مکعبی تیپ 75فریم 80نسبت 20,0,مکعبی,75,80,20
100000293,مکعبی تیپ 75فریم 80نسبت 25,0,مکعبی,75,80,25
100000294,مکعبی تیپ 75فریم 80نسبت 30,0,مکعبی,75,80,30
100000295,مکعبی تیپ 75فریم 80نسبت 40,0,مکعبی,75,80,40
100000296,مکعبی تیپ 75فریم 80نسبت 50,0,مکعبی,75,80,50
100000297,مکعبی تیپ 75فریم 80نسبت 60,0,مکعبی,75,80,60
100000298,مکعبی تیپ 75فریم 80نسبت 80,0,مکعبی,75,80,80
100000299,مکعبی تیپ 75فریم 80نسبت 100,0,مکعبی,75,80,100
1000002100,مکعبی تیپ 75فریم 90نسبت 7.5,0,مکعبی,75,90,7.5
1000002101,مکعبی تیپ 75فریم 90نسبت 10,0,مکعبی,75,90,10
1000002102,مکعبی تیپ 75فریم 90نسبت 15,135000000,مکعبی,75,90,15
1000002103,مکعبی تیپ 75فریم 90نسبت 20,0,مکعبی,75,90,20
1000002104,مکعبی تیپ 75فریم 90نسبت 25,0,مکعبی,75,90,25
1000002105,مکعبی تیپ 75فریم 90نسبت 30,0,مکعبی,75,90,30
1000002106,مکعبی تیپ 75فریم 90نسبت 40,135000000,مکعبی,75,90,40
1000002107,مکعبی تیپ 75فریم 90نسبت 50,135000000,مکعبی,75,90,50
1000002108,مکعبی تیپ 75فریم 90نسبت 60,0,مکعبی,75,90,60
1000002109,مکعبی تیپ 75فریم 90نسبت 80,0,مکعبی,75,90,80
1000002110,مکعبی تیپ 75فریم 90نسبت 100,0,مکعبی,75,90,100
1000002111,مکعبی تیپ 75فریم 100نسبت 7.5,0,مکعبی,75,100,7.5
1000002112,مکعبی تیپ 75فریم 100نسبت 10,135000000,مکعبی,75,100,10
1000002113,مکعبی تیپ 75فریم 100نسبت 15,135000000,مکعبی,75,100,15
1000002114,مکعبی تیپ 75فریم 100نسبت 20,135000000,مکعبی,75,100,20
1000002115,مکعبی تیپ 75فریم 100نسبت 25,0,مکعبی,75,100,25
1000002116,مکعبی تیپ 75فریم 100نسبت 30,135000000,مکعبی,75,100,30
1000002117,مکعبی تیپ 75فریم 100نسبت 40,135000000,مکعبی,75,100,40
1000002118,مکعبی تیپ 75فریم 100نسبت 50,0,مکعبی,75,100,50
1000002119,مکعبی تیپ 75فریم 100نسبت 60,0,مکعبی,75,100,60
1000002120,مکعبی تیپ 75فریم 100نسبت 80,0,مکعبی,75,100,80
1000002121,مکعبی تیپ 75فریم 100نسبت 100,0,مکعبی,75,100,100
1000002122,مکعبی تیپ 90فریم 90نسبت 7.5,0,مکعبی,90,90,7.5
1000002123,مکعبی تیپ 90فریم 90نسبت 10,0,مکعبی,90,90,10
1000002124,مکعبی تیپ 90فریم 90نسبت 15,0,مکعبی,90,90,15
1000002125,مکعبی تیپ 90فریم 90نسبت 20,185000000,مکعبی,90,90,20
1000002126,مکعبی تیپ 90فریم 90نسبت 25,0,مکعبی,90,90,25
1000002127,مکعبی تیپ 90فریم 90نسبت 30,0,مکعبی,90,90,30
1000002128,مکعبی تیپ 90فریم 90نسبت 40,185000000,مکعبی,90,90,40
1000002129,مکعبی تیپ 90فریم 90نسبت 50,185000000,مکعبی,90,90,50
1000002130,مکعبی تیپ 90فریم 90نسبت 60,185000000,مکعبی,90,90,60
1000002131,مکعبی تیپ 90فریم 90نسبت 80,0,مکعبی,90,90,80
1000002132,مکعبی تیپ 90فریم 90نسبت 100,185000000,مکعبی,90,90,100
1000002133,مکعبی تیپ 90فریم 100نسبت 7.5,0,مکعبی,90,100,7.5
1000002134,مکعبی تیپ 90فریم 100نسبت 10,0,مکعبی,90,100,10
1000002135,مکعبی تیپ 90فریم 100نسبت 15,0,مکعبی,90,100,15
1000002136,مکعبی تیپ 90فریم 100نسبت 20,185000000,مکعبی,90,100,20
1000002137,مکعبی تیپ 90فریم 100نسبت 25,185000000,مکعبی,90,100,25
1000002138,مکعبی تیپ 90فریم 100نسبت 30,0,مکعبی,90,100,30
1000002139,مکعبی تیپ 90فریم 100نسبت 40,0,مکعبی,90,100,40
1000002140,مکعبی تیپ 90فریم 100نسبت 50,0,مکعبی,90,100,50
1000002141,مکعبی تیپ 90فریم 100نسبت 60,0,مکعبی,90,100,60
1000002142,مکعبی تیپ 90فریم 100نسبت 80,0,مکعبی,90,100,80
1000002143,مکعبی تیپ 90فریم 100نسبت 100,0,مکعبی,90,100,100
1000002144,مکعبی تیپ 90فریم 132نسبت 7.5,0,مکعبی,90,132,7.5
1000002145,مکعبی تیپ 90فریم 132نسبت 10,0,مکعبی,90,132,10
1000002146,مکعبی تیپ 90فریم 132نسبت 15,0,مکعبی,90,132,15
1000002147,مکعبی تیپ 90فریم 132نسبت 20,0,مکعبی,90,132,20
1000002148,مکعبی تیپ 90فریم 132نسبت 25,0,مکعبی,90,132,25
1000002149,مکعبی تیپ 90فریم 132نسبت 30,0,مکعبی,90,132,30
1000002150,مکعبی تیپ 90فریم 132نسبت 40,0,مکعبی,90,132,40
1000002151,مکعبی تیپ 90فریم 132نسبت 50,0,مکعبی,90,132,50
1000002152,مکعبی تیپ 90فریم 132نسبت 60,0,مکعبی,90,132,60
1000002153,مکعبی تیپ 90فریم 132نسبت 80,0,مکعبی,90,132,80
1000002154,مکعبی تیپ 90فریم 132نسبت 100,0,مکعبی,90,132,100
1000002155,مکعبی تیپ 110فریم 112نسبت 7.5,0,مکعبی,110,112,7.5
1000002156,مکعبی تیپ 110فریم 112نسبت 10,0,مکعبی,110,112,10
1000002157,مکعبی تیپ 110فریم 112نسبت 15,0,مکعبی,110,112,15
1000002158,مکعبی تیپ 110فریم 112نسبت 20,370000000,مکعبی,110,112,20
1000002159,مکعبی تیپ 110فریم 112نسبت 25,0,مکعبی,110,112,25
1000002160,مکعبی تیپ 110فریم 112نسبت 30,0,مکعبی,110,112,30
1000002161,مکعبی تیپ 110فریم 112نسبت 40,0,مکعبی,110,112,40
1000002162,مکعبی تیپ 110فریم 112نسبت 50,0,مکعبی,110,112,50
1000002163,مکعبی تیپ 110فریم 112نسبت 60,0,مکعبی,110,112,60
1000002164,مکعبی تیپ 110فریم 112نسبت 80,0,مکعبی,110,112,80
1000002165,مکعبی تیپ 110فریم 112نسبت 100,0,مکعبی,110,112,100
1000002166,مکعبی تیپ 110فریم 132نسبت 7.5,0,مکعبی,110,132,7.5
1000002167,مکعبی تیپ 110فریم 132نسبت 10,0,مکعبی,110,132,10
1000002168,مکعبی تیپ 110فریم 132نسبت 15,0,مکعبی,110,132,15
1000002169,مکعبی تیپ 110فریم 132نسبت 20,0,مکعبی,110,132,20
1000002170,مکعبی تیپ 110فریم 132نسبت 25,0,مکعبی,110,132,25
1000002171,مکعبی تیپ 110فریم 132نسبت 30,370000000,مکعبی,110,132,30
1000002172,مکعبی تیپ 110فریم 132نسبت 40,0,مکعبی,110,132,40
1000002173,مکعبی تیپ 110فریم 132نسبت 50,0,مکعبی,110,132,50
1000002174,مکعبی تیپ 110فریم 132نسبت 60,0,مکعبی,110,132,60
1000002175,مکعبی تیپ 110فریم 132نسبت 80,0,مکعبی,110,132,80
1000002176,مکعبی تیپ 110فریم 132نسبت 100,0,مکعبی,110,132,100
1000002177,مکعبی تیپ 130 فریم 100 نسبت 80,0,مکعبی,130,100,80
1000002178,مکعبی تیپ 130 فریم 100 نسبت 100,0,مکعبی,130,100,100
1000002180,مکعبی تیپ 130 فریم 132 نسبت 40,0,مکعبی,130,132,40
1000002181,مکعبی تیپ 25 فریم 56 نسبت 7.5,0,مکعبی,25,56,7.5
1000002182,مکعبی تیپ 25 فرم 56 نسبت 15,0,مکعبی,25,56,15
1000002183,مکعبی تیپ 110 فرم 100 نسبت 60,0,مکعبی,110,100,60
1000002184,مکعبی تیپ 25 فرم 56 نسبت 50,0,مکعبی,25,56,50
1000002185,مکعبی تیپ 110 فرم 100 نسبت 50,0,مکعبی,110,100,50
1000002187,مکعبی تیپ 25 فریم 56 نسبت 30,0,مکعبی,25,56,30
1000002188,مکعبی تیپ 130 فریم 112 نسبت 40,0,مکعبی,130,112,40
1000002189,مکعبی تیپ 63 فریم 71 نسبت 100,0,مکعبی,63,71,100
1000002190,مکعبی تیپ 25 فریم 56 نسبت 40,0,مکعبی,25,56,40
1000002191,مکعبی تیپ 25فریم 56 نسبت 60,0,مکعبی,25,56,60
1000002192,مکعبی تیب 50 فریم 90 نسبت 30,0,مکعبی,50,90,30
1000002193,مکعبی تیپ 150 فریم 132 نسبت 10,0,مکعبی,150,132,10
1000002194,مکعبی تیپ 130 فریم 112نسبت 60,0,مکعبی,130,112,60
1000002195,مکعبی تیپ 110 فریم 100 نسبت 30,0,مکعبی,110,100,30
1000002196,مکعبی تیپ 130 فریم 132 نسبت 25,0,مکعبی,130,132,25
1000002197,مکعبی تیپ 110 فرم 100 نسبت10,0,مکعبی,110,100,10
1000002198,مکعبی تیپ 25فریم 56 نسبت 40,0,مکعبی,25,56,40
1000002199,مکعبی تیپ 150 فریم 132 نسبت 50,0,مکعبی,150,132,50
1000002200,مکعبی تیپ 130 فریم 112 نسبت 100,0,مکعبی,130,112,100
1000002201,مکعبی تیپ 130 فریم 132 نسبت 20,0,مکعبی,130,132,20
1000002202,مکعبی تیپ 130 فرم 132 نسبت 50,0,مکعبی,130,132,50
1000002203,مکعبی تیپ 130 فریم 112 نسبت 10,0,مکعبی,130,112,10
1000002204,مکعبی تیپ 130 فریم 112 نسبت 15,0,مکعبی,130,112,15
1000002205,مکعبی تیپ 50 فریم 80 نسبت 5,0,مکعبی,50,80,5
1000002206,مکعبی تیپ 40فریم 71نسبت 5,0,مکعبی,40,71,5
1000002207,مکعبی تیپ 30 فریم 63 نسبت 5,0,مکعبی,30,63,5
1000002208,مکعبی تیپ 110فریم 100 نسبت 40,0,مکعبی,110,100,40
1000002209,مکعبی تیپ 130 فریم 132نسبت 15,0,مکعبی,130,132,15
1000002210,مکعبی تیپ 150 فریم 132 نسبت 40,0,مکعبی,150,132,40
1000002211,مکعبی تیپ 25فریم 56 نسبت 10,0,مکعبی,25,56,10
1000002212,مکعبی تیپ 110 فریم 100 نسبت 7.5,0,مکعبی,110,100,7.5
1000002213,مکعبی تیپ 110 فریم 100 نسبت 15,0,مکعبی,110,100,15
1000002214,مکعبی تیپ 130 نسبت 7.5 فریم 132,0,مکعبی,130,132,7.5
1000002215,مکعبی تیپ 75 نسبت 10 شافتدار,0,مکعبی,75,,10
1000002216,مکعبی تیپ 130 فریم 112 نسبت 50,0,مکعبی,130,112,50
1000002217,مکعبی تیپ 130 نسبت 60 شافتدار,0,مکعبی,130,,60
1000002218,گیربکس,0,مکعبی,,,
1000002219,گیربکس مکعبی تیپ150فریم15نسبت160,0,مکعبی,150,15,160
1000002220,مکعبی تیپ 130 فریم 132 نسبت 30,0,مکعبی,130,132,30
1000002221,گیربکس,70000000,مکعبی,,,
