sku,name,price,gearbox_type,size,model,input_type,mounting_type
10000011,حلزونی تیپ 44-مدلVF-N/A/P,0,حلزونی,44,VF-N/A/P,شافت‌دار,پایه‌دار (N/A/P)
10000012,حلزونی تیپ 49-مدلVF-N/A/P,0,حلزونی,49,VF-N/A/P,شافت‌دار,پایه‌دار (N/A/P)
10000013,حلزونی تیپ 62-مدلVF-N/A/P,65000000,حلزونی,62,VF-N/A/P,شافت‌دار,پایه‌دار (N/A/P)
10000014,حلزونی تیپ 86-مدلVF-N/A/P,77000000,حلزونی,86,VF-N/A/P,شافت‌دار,پایه‌دار (N/A/P)
10000015,حلزونی تیپ 110-مدلVF-N/A/P,130000000,حلزونی,110,VF-N/A/P,شافت‌دار,پایه‌دار (N/A/P)
10000016,حلزونی تیپ 130-مدلVF-N/A/P,0,حلزونی,130,VF-N/A/P,شافت‌دار,پایه‌دار (N/A/P)
10000017,حلزونی تیپ 150-مدلVF-N/A/P,0,حلزونی,150,VF-N/A/P,شافت‌دار,پایه‌دار (N/A/P)
10000018,حلزونی تیپ 185-مدلVF-N/A/P,0,حلزونی,185,VF-N/A/P,شافت‌دار,پایه‌دار (N/A/P)
10000019,حلزونی تیپ 210-مدلVF-N/A/P,0,حلزونی,210,VF-N/A/P,شافت‌دار,پایه‌دار (N/A/P)
100000110,حلزونی تیپ 250-مدلVF-N/A/P,0,حلزونی,250,VF-N/A/P,شافت‌دار,پایه‌دار (N/A/P)
100000111,حلزونی تیپ 300-مدلVF-N/A/P,0,حلزونی,300,VF-N/A/P,شافت‌دار,پایه‌دار (N/A/P)
100000112,حلزونی تیپ 30-مدلMVF-N/A/P,0,حلزونی,30,MVF-N/A/P,فلنج‌دار,پایه‌دار (N/A/P)
100000113,حلزونی تیپ 44-مدلMVF-N/A/P,0,حلزونی,44,MVF-N/A/P,فلنج‌دار,پایه‌دار (N/A/P)
100000114,حلزونی تیپ 49-مدلMVF-N/A/P,0,حلزونی,49,MVF-N/A/P,فلنج‌دار,پایه‌دار (N/A/P)
100000115,حلزونی تیپ 62-مدلMVF-N/A/P,75000000,حلزونی,62,MVF-N/A/P,فلنج‌دار,پایه‌دار (N/A/P)
100000116,حلزونی تیپ 86-مدلMVF-N/A/P,95000000,حلزونی,86,MVF-N/A/P,فلنج‌دار,پایه‌دار (N/A/P)
100000117,حلزونی تیپ 110-مدلMVF-N/A/P,160000000,حلزونی,110,MVF-N/A/P,فلنج‌دار,پایه‌دار (N/A/P)
100000118,حلزونی تیپ 130-مدلMVF-N/A/P,270000000,حلزونی,130,MVF-N/A/P,فلنج‌دار,پایه‌دار (N/A/P)
100000119,حلزونی تیپ 150-مدلMVF-N/A/P,0,حلزونی,150,MVF-N/A/P,فلنج‌دار,پایه‌دار (N/A/P)
100000120,حلزونی تیپ 185-مدلMVF-N/A/P,0,حلزونی,185,MVF-N/A/P,فلنج‌دار,پایه‌دار (N/A/P)
100000121,حلزونی تیپ 210-مدلMVF-N/A/P,0,حلزونی,210,MVF-N/A/P,فلنج‌دار,پایه‌دار (N/A/P)
100000122,حلزونی تیپ 250-مدلMVF-N/A/P,0,حلزونی,250,MVF-N/A/P,فلنج‌دار,پایه‌دار (N/A/P)
100000123,حلزونی تیپ 300-مدلMVF-N/A/P,0,حلزونی,300,MVF-N/A/P,فلنج‌دار,پایه‌دار (N/A/P)
100000124,حلزونی تیپ 44-مدلVF-FC/F,0,حلزونی,44,VF-FC/F,شافت‌دار,فلنج‌دار (FC/F)
100000125,حلزونی تیپ 49-مدلVF-FC/F,0,حلزونی,49,VF-FC/F,شافت‌دار,فلنج‌دار (FC/F)
100000126,حلزونی تیپ 62-مدلVF-FC/F,12500000,حلزونی,62,VF-FC/F,شافت‌دار,فلنج‌دار (FC/F)
100000127,حلزونی تیپ 86-مدلVF-FC/F,17500000,حلزونی,86,VF-FC/F,شافت‌دار,فلنج‌دار (FC/F)
100000128,حلزونی تیپ 110-مدلVF-FC/F,0,حلزونی,110,VF-FC/F,شافت‌دار,فلنج‌دار (FC/F)
100000129,حلزونی تیپ 130-مدلVF-FC/F,0,حلزونی,130,VF-FC/F,شافت‌دار,فلنج‌دار (FC/F)
100000130,حلزونی تیپ 150-مدلVF-FC/F,0,حلزونی,150,VF-FC/F,شافت‌دار,فلنج‌دار (FC/F)
100000131,حلزونی تیپ 185-مدلVF-FC/F,0,حلزونی,185,VF-FC/F,شافت‌دار,فلنج‌دار (FC/F)
100000132,حلزونی تیپ 210-مدلVF-FC/F,0,حلزونی,210,VF-FC/F,شافت‌دار,فلنج‌دار (FC/F)
100000133,حلزونی تیپ 250-مدلVF-FC/F,0,حلزونی,250,VF-FC/F,شافت‌دار,فلنج‌دار (FC/F)
100000134,حلزونی تیپ 300-مدلVF-FC/F,0,حلزونی,300,VF-FC/F,شافت‌دار,فلنج‌دار (FC/F)
100000135,حلزونی تیپ 30-مدل MVF-FC,0,حلزونی,30,MVF-FC,فلنج‌دار,فلنج‌دار (FC)
100000136,حلزونی تیپ44-مدل MVF-FC,0,حلزونی,44,MVF-FC,فلنج‌دار,فلنج‌دار (FC)
100000137,حلزونی تیپ49-مدلMVF-FC,0,حلزونی,49,MVF-FC,فلنج‌دار,فلنج‌دار (FC)
100000138,حلزونی تیپ 62-مدلMVF-FC,80000000,حلزونی,62,MVF-FC,فلنج‌دار,فلنج‌دار (FC)
100000139,حلزونی تیپ86-مدلMVF-FC,0,حلزونی,86,MVF-FC,فلنج‌دار,فلنج‌دار (FC)
100000140,حلزونی تیپ 110-مدلMVF-FC,0,حلزونی,110,MVF-FC,فلنج‌دار,فلنج‌دار (FC)
100000141,حلزونی تیپ 130-مدلMVF-FC,0,حلزونی,130,MVF-FC,فلنج‌دار,فلنج‌دار (FC)
100000142,حلزونی تیپ 150-مدلMVF-FC,0,حلزونی,150,MVF-FC,فلنج‌دار,فلنج‌دار (FC)
100000143,حلزونی تیپ 185-مدلMVF-FC,0,حلزونی,185,MVF-FC,فلنج‌دار,فلنج‌دار (FC)
100000144,حلزونی تیپ 210-مدلMVF-FC,0,حلزونی,210,MVF-FC,فلنج‌دار,فلنج‌دار (FC)
100000145,حلزونی تیپ 250-مدلMVF-FC,0,حلزونی,250,MVF-FC,فلنج‌دار,فلنج‌دار (FC)
100000146,حلزونی تیپ 300-مدلMVF-FC,0,حلزونی,300,MVF-FC,فلنج‌دار,فلنج‌دار (FC)
100000147,حلزونی ترکیبی 39/69-مدلVF-F,0,حلزونی ترکیبی,39/69,VF-F,شافت‌دار,فلنج‌دار (F)
100000148,حلزونی ترکیبی 62/86-مدلVF-F,0,حلزونی ترکیبی,62/86,VF-F,شافت‌دار,فلنج‌دار (F)
100000149,حلزونی ترکیبی 62/110-مدلVF-F,0,حلزونی ترکیبی,62/110,VF-F,شافت‌دار,فلنج‌دار (F)
100000150,حلزونی ترکیبی 62/130-مدلVF-F,0,حلزونی ترکیبی,62/130,VF-F,شافت‌دار,فلنج‌دار (F)
100000151,حلزونی ترکیبی 86/130-مدلVF-F,0,حلزونی ترکیبی,86/130,VF-F,شافت‌دار,فلنج‌دار (F)
100000152,حلزونی ترکیبی 86/150-مدلVF-F,0,حلزونی ترکیبی,86/150,VF-F,شافت‌دار,فلنج‌دار (F)
100000153,حلزونی ترکیبی 86/185-مدلVF-F,0,حلزونی ترکیبی,86/185,VF-F,شافت‌دار,فلنج‌دار (F)
100000154,حلزونی ترکیبی 110/185-مدلVF-F,0,حلزونی ترکیبی,110/185,VF-F,شافت‌دار,فلنج‌دار (F)
100000155,حلزونی ترکیبی 210/130-مدلVF-F,0,حلزونی ترکیبی,210/130,VF-F,شافت‌دار,فلنج‌دار (F)
100000156,حلزونی ترکیبی 130/250-مدلVF-F,0,حلزونی ترکیبی,130/250,VF-F,شافت‌دار,فلنج‌دار (F)
100000157,حلزونی ترکیبی 150/250-مدلVF-F,0,حلزونی ترکیبی,150/250,VF-F,شافت‌دار,فلنج‌دار (F)
100000158,حلزونی ترکیبی 185/250-مدلVF-F,0,حلزونی ترکیبی,185/250,VF-F,شافت‌دار,فلنج‌دار (F)
100000159,حلزونی ترکیبی 39/69-مدلMVF-VF,0,حلزونی ترکیبی,39/69,MVF-VF,فلنج‌دار,پایه‌دار
100000160,حلزونی ترکیبی 62/86-مدلMVF-VF,0,حلزونی ترکیبی,62/86,MVF-VF,فلنج‌دار,پایه‌دار
100000161,حلزونی ترکیبی 62/110-مدلMVF-VF,0,حلزونی ترکیبی,62/110,MVF-VF,فلنج‌دار,پایه‌دار
100000162,حلزونی ترکیبی 62/130-مدلMVF-VF,0,حلزونی ترکیبی,62/130,MVF-VF,فلنج‌دار,پایه‌دار
100000163,حلزونی ترکیبی 86/130-مدلMVF-VF,0,حلزونی ترکیبی,86/130,MVF-VF,فلنج‌دار,پایه‌دار
100000164,حلزونی ترکیبی 86/150-مدلMVF-VF,0,حلزونی ترکیبی,86/150,MVF-VF,فلنج‌دار,پایه‌دار
100000165,حلزونی ترکیبی 86/185-مدلMVF-VF,0,حلزونی ترکیبی,86/185,MVF-VF,فلنج‌دار,پایه‌دار
100000166,حلزونی ترکیبی 110/185-مدلMVF-VF,0,حلزونی ترکیبی,110/185,MVF-VF,فلنج‌دار,پایه‌دار
100000167,حلزونی ترکیبی 210/130-مدلMVF-VF,0,حلزونی ترکیبی,210/130,MVF-VF,فلنج‌دار,پایه‌دار
100000168,حلزونی ترکیبی 130/250-مدلMVF-VF,0,حلزونی ترکیبی,130/250,MVF-VF,فلنج‌دار,پایه‌دار
100000169,حلزونی ترکیبی 150/250-مدلMVF-VF,0,حلزونی ترکیبی,150/250,MVF-VF,فلنج‌دار,پایه‌دار
100000170,حلزونی ترکیبی 185/250-مدلMVF-VF,0,حلزونی ترکیبی,185/250,MVF-VF,فلنج‌دار,پایه‌دار
100000171,حلزونی ترکیبی 39/62-مدلVF-VF/FC,0,حلزونی ترکیبی,39/62,VF-VF/FC,شافت‌دار,فلنج‌دار (FC)
100000172,حلزونی ترکیبی 62/86-مدلVF-VF/FC,0,حلزونی ترکیبی,62/86,VF-VF/FC,شافت‌دار,فلنج‌دار (FC)
100000173,حلزونی ترکیبی 62/110-مدلVF-VF/FC,0,حلزونی ترکیبی,62/110,VF-VF/FC,شافت‌دار,فلنج‌دار (FC)
100000174,حلزونی ترکیبی 62/130-مدلVF-VF/FC,0,حلزونی ترکیبی,62/130,VF-VF/FC,شافت‌دار,فلنج‌دار (FC)
100000175,حلزونی ترکیبی 86/130-مدلVF-VF/FC,0,حلزونی ترکیبی,86/130,VF-VF/FC,شافت‌دار,فلنج‌دار (FC)
100000176,حلزونی ترکیبی 86/150-مدلVF-VF/FC,0,حلزونی ترکیبی,86/150,VF-VF/FC,شافت‌دار,فلنج‌دار (FC)
100000177,حلزونی ترکیبی 86/185-مدلVF-VF/FC,0,حلزونی ترکیبی,86/185,VF-VF/FC,شافت‌دار,فلنج‌دار (FC)
100000178,حلزونی ترکیبی 110/185-مدلVF-VF/FC,0,حلزونی ترکیبی,110/185,VF-VF/FC,شافت‌دار,فلنج‌دار (FC)
100000179,حلزونی ترکیبی 210/130-مدلVF-VF/FC,0,حلزونی ترکیبی,210/130,VF-VF/FC,شافت‌دار,فلنج‌دار (FC)
100000180,حلزونی ترکیبی 130/250-مدلVF-VF/FC,0,حلزونی ترکیبی,130/250,VF-VF/FC,شافت‌دار,فلنج‌دار (FC)
100000181,حلزونی ترکیبی 150/250-مدلVF-VF/FC,0,حلزونی ترکیبی,150/250,VF-VF/FC,شافت‌دار,فلنج‌دار (FC)
100000182,حلزونی ترکیبی 185/250-مدلVF-VF/FC,0,حلزونی ترکیبی,185/250,VF-VF/FC,شافت‌دار,فلنج‌دار (FC)
100000183,حلزونی ترکیبی 39/62-مدلMVF-VF/FC,0,حلزونی ترکیبی,39/62,MVF-VF/FC,فلنج‌دار,فلنج‌دار (FC)
100000184,حلزونی ترکیبی 62/86-مدلMVF-VF/FC,0,حلزونی ترکیبی,62/86,MVF-VF/FC,فلنج‌دار,فلنج‌دار (FC)
100000185,حلزونی ترکیبی 62/110-مدلMVF-VF/FC,0,حلزونی ترکیبی,62/110,MVF-VF/FC,فلنج‌دار,فلنج‌دار (FC)
100000186,حلزونی ترکیبی 62/130-مدلMVF-VF/FC,0,حلزونی ترکیبی,62/130,MVF-VF/FC,فلنج‌دار,فلنج‌دار (FC)
100000187,حلزونی ترکیبی 86/150-مدلMVF-VF/FC,0,حلزونی ترکیبی,86/150,MVF-VF/FC,فلنج‌دار,فلنج‌دار (FC)
100000188,حلزونی ترکیبی 86/185-مدلMVF-VF/FC,0,حلزونی ترکیبی,86/185,MVF-VF/FC,فلنج‌دار,فلنج‌دار (FC)
100000189,حلزونی ترکیبی 110/185-مدلMVF/FC,0,حلزونی ترکیبی,110/185,MVF/FC,فلنج‌دار,فلنج‌دار (FC)
100000190,حلزونی ترکیبی 210/130-مدلMVF-VF/F,0,حلزونی ترکیبی,210/130,MVF-VF/F,فلنج‌دار,فلنج‌دار (F)
100000191,حلزونی ترکیبی 130/250-مدلMVF-VF/F,0,حلزونی ترکیبی,130/250,MVF-VF/F,فلنج‌دار,فلنج‌دار (F)
100000192,حلزونی ترکیبی 150/250-مدلMVF-VF/F,0,حلزونی ترکیبی,150/250,MVF-VF/F,فلنج‌دار,فلنج‌دار (F)
100000193,حلزونی ترکیبی 185/250-مدلMVF-VF/F,0,حلزونی ترکیبی,185/250,MVF-VF/F,فلنج‌دار,فلنج‌دار (F)
100000194,حلزونی ترکیبی 86/130-مدل MVF/FC,0,حلزونی ترکیبی,86/130,MVF/FC,فلنج‌دار,فلنج‌دار (FC)
100000195,حلزونی ترکیبی 86/110-مدل MVF/VF,0,حلزونی ترکیبی,86/110,MVF/VF,فلنج‌دار,پایه‌دار
100000196,گیربکس حلزونی,0,حلزونی,,,,
